Start,End,Steps,Duration,Status,Path
Administrative law,Foreign policy,2,1.4,Success,Administrative law -> Drug policy -> Foreign policy
Apiculture,Knowledge management,4,3.03,Success,Apiculture -> Agricultural Research Service -> Risk Management Agency -> Risk management -> Knowledge management
Emergency management,Caodaism,7,23.87,Success,Emergency management -> Adhocracy -> Anarchy -> Absolute monarchy -> Absolutism (European history) -> Enlightened absolutism -> Confucianism -> Caodaism
Marketing geography,Paleontology,2,1.09,Success,Marketing geography -> Geochronology -> Paleontology
S2CID (identifier),Community organizing,6,3.77,Success,S2CID (identifier) -> Conference proceedings -> Academic conference -> Scientific community -> International community -> Intentional community -> Community organizing
Strategic geography,Philosophy of engineering,3,2.36,Success,Strategic geography -> Philosophy of geography -> Philosophy of science -> Philosophy of engineering
Research methods,Solar astronomy,3,2.42,Success,Research methods -> Ancient Greek philosophy -> Astronomy -> Solar astronomy
Simulation,Housing,7,4.34,Success,Simulation -> Argument -> Analogy -> Abstraction -> Construction -> Public housing -> Housing First -> Housing
Recreational therapy,Sociology of the Internet,8,9.63,Success,Recreational therapy -> Diathermy -> Battle of the Beams -> The Blitz -> History of the Metropolitan Police -> News of the World -> Mass media in the United Kingdom -> Internet in the United Kingdom -> Sociology of the Internet
Outline of critical theory,Humanistic psychology,3,1.95,Success,Outline of critical theory -> Identification (psychology) -> Social psychology -> Humanistic psychology
Outline of theology,Phenomenology (psychology),4,3.52,Success,Outline of theology -> Agnosticism -> A Treatise of Human Nature -> Flow (psychology) -> Phenomenology (psychology)
Tourism geography,Culinary arts,4,4.1,Success,Tourism geography -> Culinary tourism -> Cooking school -> Institute of Culinary Education -> Culinary arts
Space environment,Art methodology,6,39.37,Success,Space environment -> Space art -> Art -> Academic art -> Art theory -> Methodology -> Art methodology
Paleoanthropology,Critical sociology,0,60.13,Timed Out,
Containment,Personal trainer,0,60.62,Timed Out,
Paleoecology,Earth science,2,1.02,Success,Paleoecology -> Age of Earth -> Earth science
Optical astronomy,Slavic studies,7,5.37,Success,Optical astronomy -> Astronomy in Serbia -> Belgrade -> Muslims (South-Slavic ethnic group) -> Slavic speakers of Greek Macedonia -> Slavic peoples -> List of Slavic studies journals -> Slavic studies
Personal fitness training,Molecular pathology,4,2.19,Success,Personal fitness training -> PMID (identifier) -> Telepathology -> Pathology -> Molecular pathology
Research ethics,Exercise physiology,3,2.19,Success,Research ethics -> Biology -> Physiology -> Exercise physiology
Computational archaeology,Outline of regression analysis,3,3.6,Success,Computational archaeology -> Statistical analysis -> Outline of statistics -> Outline of regression analysis
Materials engineering,Outline of logic,6,5.19,Success,Materials engineering -> Outline of engineering -> Outline of design -> Outline (list) -> Outline of Knowledge -> Logic -> Outline of logic
Statistical mechanics,Educational sociology,0,60.24,Timed Out,
Art director,Latin,5,3.27,Success,Art director -> Anime -> Latin America -> Latin Africa -> Latin Union -> Latin
Outline of Taoism,Batoning,0,60.39,Timed Out,
Jurisprudence,Psychology of Religion,2,1.99,Success,Jurisprudence -> Philosophy of religion -> Psychology of religion
Outline of libertarianism,Outline of chemistry,6,4.66,Success,Outline of libertarianism -> Treatise of Human Nature -> Outline of ethics -> Outline of philosophy -> Philosophy of chemistry -> Chemistry -> Outline of chemistry
History of the Netherlands,Science education,3,2.88,Success,History of the Netherlands -> Science and technology in the Netherlands -> Science -> Science education
Agrology,Popular culture studies,5,2.61,Success,Agrology -> Silviculture -> Populiculture -> Monoculture -> Monoculture (popular culture) -> Popular culture studies
Population genetics,Outline of library science,5,4.06,Success,Population genetics -> Outline of genetics -> Outline of biotechnology -> Library (computing) -> Digital library -> Outline of library science
Principles of war,Food security,4,2.45,Success,Principles of war -> Security dilemma -> Critical security studies -> Health security -> Food security
Representation theory,Accompaniment,7,24.41,Success,Representation theory -> Bijection -> Enumeration -> List -> Guitar Player -> Guitarist -> Baroque guitar -> Accompaniment
Drawing,Comparative politics,6,3.91,Success,Drawing -> Appropriation (art) -> Aestheticization of politics -> Syncretic politics -> Opposition (politics) -> Politics -> Comparative politics
Neuroeconomics,Real analysis,8,10.06,Success,Neuroeconomics -> Real business-cycle theory -> Real vs. nominal in economics -> Real versus nominal value (philosophy) -> Data analysis -> Topological data analysis -> Extended real number line -> Mathematical analysis -> Real analysis
Phenomenology (philosophy),Computational physics,4,2.74,Success,Phenomenology (philosophy) -> Computational theory of mind -> Naïve physics -> Physics -> Computational physics
Soil physics,Earth Science,3,2.07,Success,Soil physics -> Earth materials -> Earth -> Earth science
Outline of astronomy,Atmospheric chemistry,2,1.51,Success,Outline of astronomy -> Atmospheric science -> Atmospheric chemistry
Bionics,Film preservation,4,6.74,Success,Bionics -> 3D computer graphics -> Film editing -> Film -> Film preservation
Drug policy reform,Biomaterials,6,3.25,Success,Drug policy reform -> Adhesive -> Bioadhesives -> Biopolymers -> Biomaterial -> Biomaterials (journal) -> Biomaterials
Agricultural economics,Pharmacology,3,1.69,Success,Agricultural economics -> Biocapacity -> Health -> Pharmacology
Medicine,Radio,3,2.94,Success,Medicine -> Radiobiology -> Radio wave -> Radio
Archaeoastronomy,Reaction engineering,0,60.29,Timed Out,
Paleontology,Ancient history,3,5.05,Success,Paleontology -> Ancient Greece -> Ancient Egypt -> Ancient history
Cryptanalysis,Tax law,5,6.97,Success,Cryptanalysis -> Moore's law -> Power law -> Force (law) -> Law -> Tax law
Escapology,Applied philosophy,5,3.06,Success,Escapology -> Comic book -> Abstract comics -> Abstract art -> Philosophy -> Applied philosophy
Outline of library science,Film preservation,1,0.57,Success,Outline of library science -> Film preservation
Religion,Philosophy of biology,3,3.22,Success,Religion -> Philosophy of religion -> Philosophy of science -> Philosophy of biology
Renewable energy policy,Art,5,3.83,Success,Renewable energy policy -> Earth -> Cartography -> American Institute of Graphic Arts -> Public art -> Art
Inventory theory,Art director,11,22.99,Success,Inventory theory -> Spare part -> United States Department of Defense -> American official war artists -> Combat artist -> Artist -> Fine arts -> Art film -> List of directors associated with art film -> Tom McCarthy (director) -> Film director -> Art director
Aeroponics,Forensic biology,5,5.33,Success,Aeroponics -> Morphology (biology) -> Biology -> Chemical biology -> Forensic chemistry -> Forensic biology
Labor law,Aerial warfare,6,5.12,Success,Labor law -> Agriculture -> Agricultural aircraft -> Aerial application -> Unmanned aerial vehicles -> Drone warfare -> Aerial warfare
Outline of critical theory,Telecommunications engineering,6,3.49,Success,Outline of critical theory -> Dialogic -> Dialogic Corp -> Gateway (telecommunications) -> Telecommunications network -> Telecommunications -> Telecommunications engineering
American studies,Military intelligence,3,2.82,Success,American studies -> American exceptionalism -> Central Intelligence Agency -> Military intelligence
Space and survival,Artificial intelligence,6,9.45,Success,Space and survival -> Civilization -> Cultural intelligence -> Human intelligence (intelligence gathering) -> Human intelligence -> Intelligence -> Artificial intelligence
Business studies,Scholasticism,3,3.24,Success,Business studies -> Education -> Age of Enlightenment -> Scholasticism
History of linguistics,Applied science,2,1.34,Success,History of linguistics -> Science -> Applied science
The Stone Age,Feminine psychology,4,3.55,Success,The Stone Age -> Anthropology -> Psychology -> Feminist psychology -> Feminine psychology
Language education,Outline of artificial intelligence,8,9.4,Success,Language education -> Outline of education -> Outline of academia -> Outline of knowledge -> Commonsense knowledge (artificial intelligence) -> Artificial intelligence -> Glossary of artificial intelligence -> Artificial intelligence (video games) -> Outline of artificial intelligence
Ecological anthropology,Category theory,2,1.24,Success,Ecological anthropology -> Systems theory -> Category theory
Transport phenomena,Protohistoric archaeology,10,14.16,Success,Transport phenomena -> Biomedical engineering -> Andrology -> Ancient Greek language -> Ancient Greece -> Archaeology of Igbo-Ukwu -> Seriation (archaeology) -> Archaeology -> Classical archaeology -> Subfields of archaeology -> Protohistoric archaeology
Film criticism,Optomechanics,0,60.14,Timed Out,
Respiratory therapy,Athletic training,4,2.67,Success,Respiratory therapy -> Cardiology -> Athletic heart syndrome -> Endurance training -> Athletic training
Taxonomic classification,Sociology of the body,7,13.27,Success,Taxonomic classification -> Social effects of evolutionary theory -> The Holocaust -> Aestheticization of politics -> Aestheticism -> Feminist aesthetics -> Feminist sociology -> Sociology of the body
Very-large-scale integration,Ethology,5,4.99,Success,Very-large-scale integration -> Abutment -> Arch -> American Journal of Archaeology -> Anthropology -> Ethology
International law,Myrmecology,7,12.31,Success,International law -> Agreement on the Application of Sanitary and Phytosanitary Measures -> Animal health -> Disease -> Biostatistics -> Bacteriology -> Herpetology -> Myrmecology
Quantum computing,Outline of ergonomics,7,13.12,Success,Quantum computing -> ARM architecture family -> CAD software -> Outline of design -> Outline (list) -> Outline of Knowledge -> Outline of academic disciplines -> Outline of ergonomics
Mathematical sociology,Theoretical computer science,3,1.97,Success,Mathematical sociology -> Logic in computer science -> Computer science -> Theoretical computer science
Psychology,Robotics,2,2.03,Success,Psychology -> Artificial intelligence -> Robotics
Digital sociology,Bryozoology,2,1.64,Success,Digital sociology -> Anthrozoology -> Bryozoology
Personal fitness training,Landscape ecology,9,8.31,Success,"Personal fitness training -> Athletics and Fitness Association of America -> Gilbert, Arizona -> Agriculture in Arizona -> Agriculture in Washington -> Agriculture -> Landscape architecture -> Landscape assessment -> Landscape -> Landscape ecology"
Neuropsychology,Reaction engineering,0,60.12,Timed Out,
Social stratification,Food choice,3,4.1,Success,Social stratification -> Sociology of food -> Food studies -> Food choice
Metaphysics,Historical archaeology,2,1.7,Success,Metaphysics -> Archaeology -> Historical archaeology
Outline of cartography,Women's studies,9,11.95,Success,Outline of cartography -> British Cartographic Society -> University of Oregon -> Big Ten women's soccer tournament -> American Conference women's soccer tournament -> 2024 American Athletic Conference women's soccer tournament -> Template talk:2024 American Athletic Conference women's soccer standings -> Wikipedia talk:WikiProject Women's sport -> Women's history -> Women's studies
Chinese folk religion,Outline of sociology,3,2.46,Success,Chinese folk religion -> Associations of good-doing -> Sociology of religion -> Outline of sociology
Outline of drawing and drawings,Mental health,5,2.86,Success,Outline of drawing and drawings -> Art -> Mental state -> Mental status examination -> Mental illness -> Mental health
Consumer education,Jealousy sociology,6,6.27,Success,Consumer education -> Consumer capitalism -> Consumption (sociology) -> Sociology -> Social aspects of jealousy -> Jealousy in religion -> Jealousy sociology
Arms race,Eastern Orthodox theology,3,2.99,Success,Arms race -> Eastern Bloc -> Eastern Orthodoxy -> Eastern Orthodox theology
Nuclear warfare,Synthetic chemistry,3,5.44,Success,Nuclear warfare -> Actinide chemistry -> Chemistry -> Synthetic chemistry
Battlefield archaeology,Space science,7,5.66,Success,Battlefield archaeology -> Archaeological science -> Heritage science -> Sciences -> Earth science -> Outline of space science -> Space physics -> Space science
Word usage,Proof theory,3,2.29,Success,Word usage -> Grammar -> Type theory -> Proof theory
History of the Aztecs,Academic discipline,8,7.77,Success,History of the Aztecs -> Agence France-Presse -> Agência Brasil -> Brazilian government -> Civil service exam -> Competitive examination -> Academic dishonesty -> Academic research -> Academic discipline
Argument,Common law,3,2.34,Success,Argument -> Appeal to the law -> Law -> Common law
Approximation theory,Engineering physics,2,1.18,Success,Approximation theory -> Mathematical physics -> Engineering physics
Outline of ethics,Integrated library system,6,3.52,Success,Outline of ethics -> Accountancy -> Information system -> Library (computing) -> Library software -> Library system -> Integrated library system
Outline of Christian theology,Financial economics,4,3.51,Success,Outline of Christian theology -> Amillennialism -> Financial crisis -> Economics -> Financial economics
Outline of computer engineering,Armoured warfare,4,2.91,Success,Outline of computer engineering -> Aerospace engineering -> Aerospace -> Anti-submarine warfare -> Armoured warfare
Oenology,Reaction engineering,0,60.15,Timed Out,
Industrial archaeology,User experience design,2,1.35,Success,Industrial archaeology -> Architecture -> User experience design
Outline of chemistry,Kinship,7,14.16,Success,Outline of chemistry -> Alchemy -> Allegory -> Autobiography -> Autobiographical memory -> Culture -> Anthropology -> Kinship
Linnaean taxonomy,Micro-g environment,0,60.12,Timed Out,
Evolutionary psychology,Creative nonfiction,9,5.6,Success,Evolutionary psychology -> Animal-made art -> Artistic -> Unfinished creative work -> Creative work -> Creative industries -> Creative class -> The Cultural Creatives -> Nonfiction -> Creative nonfiction
Archivist,Thermochemistry,4,2.2,Success,Archivist -> Agents of deterioration -> Corrosion -> Chemical kinetics -> Thermochemistry
Social economy,Epistemology,3,2.07,Success,Social economy -> Distributism -> Agency (philosophy) -> Epistemology
Dental hygienist,Relativistic astrophysics,5,4.73,Success,Dental hygienist -> Radiograph -> American Association of Physicists in Medicine -> Physics -> Outline of astrophysics -> Relativistic astrophysics
Aristotelianism,Gynaecology,6,8.03,Success,Aristotelianism -> Analytical feminism -> Biology -> Anatomy -> Abdomen -> Childbirth -> Gynaecology
Process design,Computational finance,3,1.82,Success,Process design -> Algorithm design -> Mathematical finance -> Computational finance
Social philosophy,Analytic number theory,6,8.44,Success,Social philosophy -> Analytic philosophy -> Cardinal number -> Algebraic number -> Fundamental unit (number theory) -> Algebraic number theory -> Analytic number theory
Philosophy of social science,Outline of academia,3,2.52,Success,Philosophy of social science -> Outline of social science -> Outline of education -> Outline of academia
Transdisciplinarity,Earth science,5,2.86,Success,Transdisciplinarity -> Science of team science -> Science studies -> Human science -> Natural science -> Earth science
Emergency services,Mechatronics,5,3.93,Success,Emergency services -> Animal control service -> Employee -> Automation -> Animatronics -> Mechatronics
Sociology of scientific knowledge,Fire protection,9,5.67,Success,Sociology of scientific knowledge -> Antiscience -> Design studies -> Boiler design -> Fire-tube boiler -> Firebox (steam engine) -> Fire brick -> Fireplace -> Fireproofing -> Fire protection
Systems psychology,Biological systems engineering,2,1.27,Success,Systems psychology -> Systems engineering -> Biological systems engineering
Forensic science,Game studies,4,3.66,Success,Forensic science -> Ancient history -> Futures studies -> Game design -> Game studies
Branches of medicine,Forensic developmental psychology,5,2.84,Success,Branches of medicine -> Forensic medicine -> Forensic psychiatry -> Forensic psychology -> Developmental psychology -> Forensic developmental psychology
Collective bargaining,Neurophysics,9,7.05,Success,Collective bargaining -> Corporatism -> Accelerationism -> Artificial intelligence -> AI effect -> Artificial consciousness -> Artificial neuron -> A Logical Calculus of the Ideas Immanent in Nervous Activity -> Computational neuroscience -> Neurophysics
Pali,Electronic warfare,6,5.07,Success,Pali -> ALA-LC -> Authority control -> Information science -> Artificial intelligence -> Digital warfare -> Electronic warfare
Armoured warfare,Photochemistry,5,4.08,Success,Armoured warfare -> 9M133 Kornet -> 2K22 Tunguska -> Infrared -> Chemical compound -> Photochemistry
Systems chemistry,Strategic geography,5,2.61,Success,Systems chemistry -> Network science -> Business decision mapping -> Geovisualization -> Geography -> Strategic geography
History of computer hardware,Sedimentology,10,11.37,Success,History of computer hardware -> Ancient Discoveries -> Deep Sea Detectives -> History's Mysteries -> Archaeology -> Aerial archaeology -> Archaeological science -> Archaeological geophysics -> Environmental archaeology -> Erosion -> Sedimentology
Structural equation model,Physics education,5,3.91,Success,Structural equation model -> Actuarial science -> Actuary -> Calculus -> Physics -> Physics education
Regional geography,Stellar nucleosynthesis,4,2.17,Success,Regional geography -> Atmospheric science -> Astrophysics -> Stellar evolution -> Stellar nucleosynthesis
Empirical sociology,Public history,2,1.51,Success,Empirical sociology -> History -> Public history
Digital sociology,Sacred Scripture,0,60.25,Timed Out,
Outline of television broadcasting,Public service,3,2.36,Success,Outline of television broadcasting -> Over-the-top media service -> Public Internet -> Public service
Community psychology,Naval engineering,6,19.56,Success,Community psychology -> Aviation psychology -> Engineering psychology -> Cognitive engineering -> Engineering system -> Engineering -> Naval engineering
Religion in space,LTI system theory,8,11.56,Success,Religion in space -> 1917 Code of Canon Law -> Civil law (legal system) -> Contract theory -> Decision theory -> Automata theory -> Systems theory -> List of types of systems theory -> LTI system theory
Molecular physics,Agricultural science,3,1.77,Success,Molecular physics -> Materials science -> Agricultural engineering -> Agricultural science
Jewish history,Gnosticism,1,0.95,Success,Jewish history -> Gnosticism
Pulmonology,Sociology of education,2,1.46,Success,Pulmonology -> Medical education -> Sociology of education
Natural resource sociology,Arms control,6,6,Success,Natural resource sociology -> Pollution control -> Case–control study -> Scientific control -> Control (disambiguation) -> Civilian control of the military -> Arms control
Singapore politics,Outline of forensic science,5,5.22,Success,Singapore politics -> Outline of Singapore -> Outline of geography -> Fields of science -> Outline of applied science -> Outline of forensic science
Geriatrics,Holistic medicine,4,21.36,Success,Geriatrics -> Medicine -> Traditional medicine -> Energy medicine -> Holistic medicine
Mining engineering,Food pairing,3,2.42,Success,Mining engineering -> Food engineering -> Food -> Food pairing
Libertarianism,Public service,2,2.04,Success,Libertarianism -> Social services -> Public service
Oology,Gamma-ray astronomy,2,0.98,Success,Oology -> Binoculars -> Gamma-ray astronomy
Mammalogy,Food science,2,1.01,Success,Mammalogy -> Nutritional science -> Food science
Outline of human anatomy,Human performance technology,6,31.18,Success,Outline of human anatomy -> Human body -> Human brain -> Neurotechnology -> Human enhancement -> Performance improvement -> Human performance technology
Civil defense,Concurrent programming language,8,8.3,Success,Civil defense -> Algerian Civil Defence -> Arabic language -> Analytic language -> Synthetic languages -> Constructed language -> Programming language -> Comparison of programming languages -> Concurrent programming language
Journalism,Archaeogenetics,0,60.26,Timed Out,
Quantum information,Topography,8,5.39,Success,Quantum information -> Cognitive science -> Area studies -> Appalachian studies -> Appalachian Mountains -> Accretion (geology) -> Continental crust -> Geological map -> Topography
Indigenous peoples of the Americas,Interdisciplinarity,5,4.06,Success,Indigenous peoples of the Americas -> American Journal of Physical Anthropology -> Editorial board -> Academic journal -> Academic discipline -> Interdisciplinarity
Quantum field theory,Automata theory,2,2.27,Success,Quantum field theory -> String theory -> Automata theory
Theology,Nonverbal communication,6,6.17,Success,Theology -> Anabaptism -> Audianism -> Consubstantiation -> Dramatism -> Communication studies -> Nonverbal communication
Zoosemiotics,Health psychology,2,1.07,Success,Zoosemiotics -> Comparative psychology -> Health psychology
History of the Aztecs,Private military company,6,9.44,Success,History of the Aztecs -> Gulf of Mexico -> Iraq National Oil Company -> Limited company -> Privately held company -> Private sector -> Private military company
Animal communication,Marxism,3,2.2,Success,Animal communication -> Altruism -> Neo-Marxism -> Marxism
Pedology,Transport economics,5,2.93,Success,Pedology -> Aspect (geography) -> Physical geography -> Transport geography -> Transport -> Transport economics
Geoarchaeology,Primatology,3,3.34,Success,Geoarchaeology -> Archaeoastronomy -> Anthropology -> Primatology
Semiconductors,Outline of robotics,7,12.22,Success,Semiconductors -> Template talk:Fundamental aspects of materials science -> Materials -> Geometry -> Lists of geometry topics -> Computational geometry -> Robotics -> Outline of robotics
Molecular mechanics,Integral geometry,4,2.43,Success,Molecular mechanics -> Molecular geometry -> Plane (geometry) -> Differential geometry -> Integral geometry
Calligraphy,Human anatomy,6,4.79,Success,Calligraphy -> Humanist minuscule -> Renaissance humanism -> Human science -> Human -> Human body -> Human anatomy
Agricultural engineering,Outline of ancient Greece,2,1.18,Success,Agricultural engineering -> Agriculture in ancient Greece -> Outline of ancient Greece
Law and economics,Economic warfare,3,2.43,Success,Law and economics -> Economics -> Economics of war -> Economic warfare
Playwrighting,Foreign policy,5,3.22,Success,Playwrighting -> Aleksandr Ostrovsky -> Crimean War -> Foreign policy of the Russian Empire -> Foreign relations -> Foreign Policy
Philosophy of space and time,Relativistic dynamics,5,5.56,Success,Philosophy of space and time -> Thermodynamics -> Relativistic mechanics -> Relativistic mass -> Relativistic energy -> Relativistic dynamics
Animal communication,High-energy astronomy,3,1.84,Success,Animal communication -> High-context and low-context cultures -> Cultural astronomy -> High-energy astronomy
Medical physics,Social anthropology,4,3.7,Success,Medical physics -> Basic research -> Social experiment -> Social psychology (sociology) -> Social anthropology
Endocrinology,Liberal arts education,4,2.53,Success,Endocrinology -> Medical education -> Performing arts education -> Visual arts education -> Liberal arts education
Very-large-scale integration,Nationalism studies,5,2.9,Success,Very-large-scale integration -> Computational social science -> Nonprofit studies -> Civil society -> Civic nationalism -> Nationalism studies
Object database,Jazz,13,36.31,Success,Object database -> Actian -> Bloomberg News -> Algiers -> 1975 Mediterranean Games -> Basketball at the 1975 Mediterranean Games -> FIBA Asia -> American Basketball Association -> Utah Jazz -> 1975–76 New Orleans Jazz season -> New Orleans Jazz (NBA) -> Jazz music -> Acid jazz -> Jazz
Neuroethology,Brass instrument,8,7.84,Success,Neuroethology -> Aschelminthes -> Bivalvia -> Altarpiece -> Altar -> Altar bell -> Cowbell (instrument) -> Musical instrument -> Brass instrument
Ichthyology,Mathematical puzzle,8,6.78,Success,Ichthyology -> Mathematical and theoretical biology -> Mathematical logic -> Mathematical psychology -> Mathematical model -> Mathematical diagram -> Mathematical -> Puzzle -> Mathematical puzzle
Biological systems engineering,Advertising,3,2.01,Success,Biological systems engineering -> Agriculture -> Agricultural marketing -> Advertising
Outline of public relations,Planetary science,3,1.91,Success,Outline of public relations -> Junk science -> Creation science -> Planetary science
Cataloging,Intelligence agency,4,4.22,Success,Cataloging -> American Library Association -> United States House Permanent Select Committee on Intelligence -> Central Intelligence Agency -> Intelligence agency
Instructional design,Group theory,7,4.5,Success,Instructional design -> Social learning theory -> Differential association theory -> Organizational theory -> Social group -> Group dynamics -> Formation (group theory) -> Group theory
Forensic chemistry,Social engineering (political science),3,2.05,Success,Forensic chemistry -> Social science -> Interpretivism (social science) -> Social engineering (political science)
Mathematical economics,Dramaturgical sociology,0,60.66,Timed Out,
Systematic review,History of the Balkans,7,12.33,Success,Systematic review -> Critical theory -> Sociology of the history of science -> History of science and technology in the Indian subcontinent -> History of the Maldives -> History of Northern Cyprus -> History of the Middle East -> History of the Balkans
Business analysis,Human evolution,3,1.73,Success,Business analysis -> Human capital -> Evolutionary economics -> Human evolution
Palaeoclimatology,Sustainability studies,3,2.13,Success,Palaeoclimatology -> 2024 in climate change -> Sustainability -> Sustainability studies
Biomedical sciences,Ancient literature,4,2.48,Success,Biomedical sciences -> Audiology -> Ancient Greek -> Ancient Greek literature -> Ancient literature
Counselor education,Irregular warfare,3,1.36,Success,Counselor education -> Mission statement -> Morale -> Irregular warfare
Systems ecology,Buddhist philosophy,3,1.89,Success,Systems ecology -> Holon (philosophy) -> Objectivity (philosophy) -> Buddhist philosophy
Sociology of culture,Transport geography,2,1.46,Success,Sociology of culture -> Cultural geography -> Transport geography
War crime,Meta-ethics,5,3.94,Success,War crime -> Antimilitarism -> Libertarianism (metaphysics) -> Value (ethics) -> Ethics -> Meta-ethics
Urban geography,School psychology,4,2.55,Success,Urban geography -> Chicago school (sociology) -> School of thought -> Social psychology -> School psychology
Outline of literature,Reading education,10,46.06,Success,Outline of literature -> Academic publishing -> Higher education in the Arab world -> Education City -> EducationCity (software company) -> Language education -> Board of education -> Education policy -> Reading -> National Reading Panel -> Reading education
Intellectual history,Population,4,2.71,Success,Intellectual history -> Population history of the Indigenous peoples of the Americas -> Effective population size -> Population size -> Population
Security,Live action,8,14.16,Success,Security -> Armour -> Air burst -> Airburst (video game) -> Action game -> Action-adventure game -> Action-adventure (disambiguation) -> Action-adventure film -> Live action
History of China,Digital archaeology,3,2.41,Success,History of China -> Scraper (archaeology) -> Prehistoric archaeology -> Digital archaeology
Evolutionary biology,Politics,2,1.43,Success,Evolutionary biology -> Aggression -> Politics
Sociology of food,Pedology,7,44.88,Success,Sociology of food -> Anthropology -> American anthropology -> Biological anthropology -> Biogeology -> Pedology (soil study) -> Pedology (disambiguation) -> Pedology
Biomedical sciences,Strategic goal (military),6,3.52,Success,Biomedical sciences -> Behavior informatics -> Marketing -> Agenda-setting theory -> Military–industrial–media complex -> Military–industrial complex -> Strategic goal (military)
Psychometrics,Batrachology,6,18.1,Success,Psychometrics -> Actuarial science -> Biostatistics -> Biogeography -> Behavioral ecology -> Anthrozoology -> Batrachology
Bacteriology,Property law,3,1.86,Success,Bacteriology -> Agriculture -> Intellectual property -> Property law
Urban archaeology,Art education,6,4.07,Success,Urban archaeology -> Artifact (archaeology) -> Artwork -> Liberal arts education -> Arts -> Arts in education -> Art education
Critical rationalism,Outline of birds,9,16.44,Success,Critical rationalism -> Outline of epistemology -> Outline (list) -> The Outline of History -> Outline of history -> Outline of science -> Outline of biology -> Outline of zoology -> Birds -> Outline of birds
Language,Game studies,7,5.38,Success,Language -> Animal cognition -> Critical animal studies -> The Game Changers -> Game Changer (disambiguation) -> Games for Change -> Game design -> Game studies
Travel,Assignment problem,6,9.64,Success,Travel -> Airline reservations system -> Booking class -> Revenue management -> Algorithms -> Assignment (computer science) -> Assignment problem
History of computer science,Primary care,3,2.38,Success,History of computer science -> Academic discipline -> Medicine -> Primary care
Special education,Branches of medicine,0,60.29,Timed Out,
Scoutcraft,Elementary education,7,4.66,Success,Scoutcraft -> Boy Scout Handbook -> Andrew Jackson Council -> Arkansas -> Education in Arkansas -> Education Week -> Education in the United States -> Elementary education
Cryptanalysis,Clinical neuropsychology,6,6.44,Success,Cryptanalysis -> Alphabet -> Abecedarium -> Abecedarium (Trubar) -> Language acquisition -> Neuropsychology -> Clinical neuropsychology
Air combat manoeuvring,Phytopathology,9,11.36,Success,"Air combat manoeuvring -> Pylon turn -> Huaorani -> Ethnomedicine -> Ayurveda -> All India Institute of Ayurveda, Delhi -> National Institute of Ayurveda -> Bachelor of Ayurvedic Medicine and Surgery -> Pathology -> Phytopathology"
Hypermedia,Differential topology,5,6.42,Success,Hypermedia -> Anthropology -> Adaptation -> Ordinary differential equation -> Differential geometry -> Differential topology
Macrosociology,Geopolitics,3,2.04,Success,Macrosociology -> Globalization -> Afro-Eurasia -> Geopolitics
Public health,History of Indonesia,3,2.48,Success,Public health -> History of technology -> History of Papua New Guinea -> History of Indonesia
Quantum information,Security policy,7,4.98,Success,Quantum information -> BB84 -> Provable security -> Computer security -> National Cyber Security Policy 2013 -> Security awareness -> Security management -> Security policy
Mercantile law,Anatomy,4,3.4,Success,Mercantile law -> Latin language -> Academia -> Medical doctor -> Anatomy
Mobile computing,Liturgy,11,9.3,Success,Mobile computing -> Emergency medical services -> Acronym -> Abortion-rights movements -> Abortion -> Abortion in Egypt -> Court of cassation -> Cassation (music) -> Orchestral -> Accompaniment -> Choir -> Liturgy
Journalism,Earth Science,3,1.64,Success,Journalism -> Science journalism -> Climate science -> Earth science
Toy,Religious war,5,9.46,Success,Toy -> Second World War -> Anglo-Iraqi War -> Algerian War -> Civil war -> Religious war
Computability theory (computer science),Social theory,2,1.22,Success,Computability theory (computer science) -> Computational social science -> Social theory
Computer engineering,Computational statistics,2,1.07,Success,Computer engineering -> Computational science -> Computational statistics
Academic discipline,Radiology,2,1.17,Success,Academic discipline -> Medicine -> Radiology
Regression analysis,Social network analysis,3,2.3,Success,Regression analysis -> Cluster analysis -> Social network -> Social network analysis
Art school,Functionalism (sociology),3,7.73,Success,Art school -> Sociology of art -> Deviance (sociology) -> Functionalism (sociology)
Synthetic chemistry,Ethnochoreology,5,8.22,Success,Synthetic chemistry -> Alchemy -> Academic study of Western esotericism -> Carl Jung -> Anthropology -> Ethnochoreology
Descriptive ethics,Logical reasoning,3,1.56,Success,Descriptive ethics -> Moral reasoning -> Deductive reasoning -> Logical reasoning
European studies,Bibliometrics,4,2.72,Success,European studies -> American studies -> American Studies (journal) -> Academic journal -> Bibliometrics
Dietetics,Cosmic-ray observatory,5,4.56,Success,Dietetics -> Australia -> Siding Spring Observatory -> Australian Astronomical Observatory -> Observatory -> Cosmic-ray observatory
Policy analysis,Toy,5,11.66,Success,Policy analysis -> Heuristic -> Artificial intelligence -> A.I. Artificial Intelligence -> Toyetic -> Toy
Optometry,Population,4,4.46,Success,Optometry -> Canada -> Population of Canada -> Population growth rate -> Population
World Englishes,Transport economics,5,3.9,Success,World Englishes -> Asia -> 3G countries -> BRIC (economics term) -> Market (economics) -> Transport economics
Health psychology,Sinology,0,60.18,Timed Out,
Geomagnetism,Outline of organic chemistry,3,1.87,Success,Geomagnetism -> Atmospheric chemistry -> Organic chemistry -> Outline of organic chemistry
Entomology,Philosophical movement,5,4.58,Success,Entomology -> Anatomy -> Aristotle -> Philosophical commentary -> Philosophical -> Philosophical movement
Engineering,Laser physics,6,4.24,Success,Engineering -> Laser construction -> Laser -> Laser applications -> Laser science -> Laser Physics (journal) -> Laser physics
Military operation,Outline of archaeology,6,3.78,Success,Military operation -> Outline of war -> Outline of military science and technology -> Outline (list) -> The Outline of History -> Outline of history -> Outline of archaeology
Very-large-scale integration,Outline of film,6,5.26,Success,Very-large-scale integration -> Outline of computer science -> Outline of artificial intelligence -> Outline of computer vision -> Outline of robotics -> Film -> Outline of film
Housing policy,Environmental law,3,1.66,Success,Housing policy -> Environmental security -> Environmental issue -> Environmental law
Animal law,Stellar evolution,8,7.28,Success,Animal law -> Evolutional Ethics and Animal Psychology -> Evolutionary theory -> Evolution of birds -> Outline of evolution -> Epic of evolution -> Cosmic Evolution (book) -> Cosmic evolution -> Stellar evolution
New media,Sound recording and reproduction,7,9,Success,New media -> Pandora (service) -> SoundExchange -> Sound recording copyright -> Sound Recording Amendment -> Audio Home Recording Act -> Digital recording -> Sound recording and reproduction
Surgery,Historicity of the Bible,6,9.1,Success,Surgery -> History of general anesthesia -> Historia Plantarum (Theophrastus) -> History of the creation–evolution controversy -> The Creation of Adam -> Serpents in the Bible -> Historicity of the Bible
Sociology of race and ethnic relations,Reference,5,15.52,Success,Sociology of race and ethnic relations -> Anthropology -> Adaptation -> Self-reference -> Circular reference -> Reference
Semiotics,Expert system,6,8,Success,Semiotics -> Alphabetic writing systems -> List of writing systems -> Notation system -> System -> Information system -> Expert system
Mesosociology,Fourier analysis,5,2.42,Success,Mesosociology -> Macrosociology -> Social network analysis -> Content analysis -> Analysis -> Fourier analysis
Aeroponics,Social philosophy,4,2.54,Success,Aeroponics -> Agriculture -> Social science -> Philosophy of social science -> Social philosophy
Solid-state chemistry,Mysticism,4,3.73,Success,Solid-state chemistry -> Astrochemistry -> Astronomy -> Astrology -> Mysticism
Feminist archaeology,Archaeological culture,3,2.19,Success,Feminist archaeology -> Archaeological excavation -> Archaeological context -> Archaeological culture
Thermochemistry,Special relativity,3,1.59,Success,Thermochemistry -> Astrochemistry -> Astrophysics -> Special relativity
Personal trainer,Engineering cybernetics,8,8.77,Success,Personal trainer -> NSF International -> Backflow -> Building code -> Architectural engineering -> Computer network engineering -> Systems engineering -> Cybernetics -> Engineering cybernetics
Canadian studies,Strategic goal (military),3,1.93,Success,Canadian studies -> Military history of Canada -> Military alliance -> Strategic goal (military)
Exoplanetology,Trauma surgery,6,4.16,Success,Exoplanetology -> Bioastronautics -> Aerospace Medical Association -> Dental barotrauma -> Dental trauma -> Physical trauma -> Trauma surgery
Reference,Otolaryngology,8,4.45,Success,Reference -> Hearing (sense) -> Auditory tube -> Ear canal -> Otitis externa -> American Academy of Otolaryngology–Head and Neck Surgery -> Otorhinolaryngology -> Otolaryngology–Head and Neck Surgery -> Otolaryngology
Historic preservation,Geology,2,2.89,Success,Historic preservation -> Age of Discovery -> Geology
Family and consumer science,Applied psychology,2,1.47,Success,Family and consumer science -> Psychology -> Applied psychology
Port management,Applied psychology,4,2,Success,Port management -> Business administration -> Managerial psychology -> Industrial and organizational psychology -> Applied psychology
Endodontics,Market economy,3,1.99,Success,Endodontics -> Australia -> Mixed economy -> Market economy
Special operations,Outline of engineering,4,3.27,Success,Special operations -> Artillery -> Engineering design process -> Engineering -> Outline of engineering
Charge (warfare),Earth Science,4,6.45,Success,Charge (warfare) -> Artillery -> Military science -> Science -> Earth science
Knowledge engineering,Computational economics,5,2.49,Success,Knowledge engineering -> Automated planning and scheduling -> Chunking (computational linguistics) -> Computational linguistics -> Computational mathematics -> Computational economics
Outline of military science and technology,Piano,5,4.16,Success,Outline of military science and technology -> Basic intelligence -> Acoustical intelligence -> Acoustics -> Piano acoustics -> Piano
Commercial policy,Chemical biology,3,1.79,Success,Commercial policy -> Decision theory -> Mathematical and theoretical biology -> Chemical biology
History of the Philippines,Attrition warfare,6,3.73,Success,History of the Philippines -> 2000 Philippine campaign against the Moro Islamic Liberation Front -> 2001 Misuari rebellion -> Operation Enduring Freedom – Philippines -> Special warfare combatant-craft crewmen -> Unconventional warfare -> Attrition warfare
Relativistic quantum mechanics,Clinical informatics,0,60.3,Timed Out,
Archaeology,Ancient Egyptian religion,2,1.69,Success,Archaeology -> Egyptian pyramids -> Ancient Egyptian religion
Curriculum and instruction,Ecclesiology,4,15.78,Success,Curriculum and instruction -> Discipline (academia) -> Academic department -> List of academic disciplines -> Ecclesiology
Cartography,Geometric topology,5,2.86,Success,Cartography -> Atlas -> Geological map -> ArcGIS -> Topology -> Geometric topology
Humanities,Automated reasoning,3,2.29,Success,Humanities -> Inductive reasoning -> Method of reasoning -> Automated reasoning
Sociology of sport,Libertarianism,3,2.44,Success,Sociology of sport -> Deviance (sociology) -> Authoritarianism -> Libertarianism
Systematic theology,Management,4,3.15,Success,Systematic theology -> Apocalypse -> Artificial intelligence -> Management cybernetics -> Management
Sociology of gender,British literature,4,2.95,Success,Sociology of gender -> Sociology of literature -> Contemporary literature -> Twentieth-century English literature -> British literature
Euclidean geometry,Cardiology,6,7.09,Success,Euclidean geometry -> Aerodynamics -> Body force -> Physics -> Academic discipline -> Medicine -> Cardiology
Lithology,Information warfare,7,5.83,Success,Lithology -> Dune -> Afghanistan -> National Statistics and Information Authority -> Nicaragua National Institute of Information Development -> Sandinista National Liberation Front -> Guerrilla warfare -> Information warfare
Optomechanics,Vedas,9,15.46,Success,Optomechanics -> Binoculars -> 10 Hygiea -> 2 Pallas -> Athena -> Ab urbe condita libri -> Ab urbe condita -> Auctoritas -> Ahimsa -> Vedas
Infantry,Computational biology,4,4.97,Success,Infantry -> Aerospace -> Aerodynamics -> Computational fluid dynamics -> Computational biology
Landscape history,Collections care,5,2.71,Success,Landscape history -> Fieldwork -> Archival research -> Archival processing -> Collections management -> Collections care
Administrative law,Infrared astronomy,7,12.84,Success,Administrative law -> Administrative Procedure Act -> Acronym -> Acrostic -> Mars (mythology) -> Albiorix (moon) -> Wide-field Infrared Survey Explorer -> Infrared astronomy
Intuitionistic logic,History of Sweden,4,2.74,Success,Intuitionistic logic -> University of Amsterdam -> History of Amsterdam -> History of the Netherlands -> History of Sweden
Environmental ethics,Cardiology,6,4.92,Success,Environmental ethics -> Biology -> Anatomy -> Atrium (heart) -> Cardiac muscle -> Cardiomyopathy -> Cardiology
Forensic psychiatry,Cleaning,7,6.51,Success,Forensic psychiatry -> Crime scene -> Crime -> Accountability -> Air pollution -> Cleaning agent -> Floor cleaning -> Cleaning
Outline of technology,Outline of neuroscience,5,4.84,Success,Outline of technology -> Outline of books -> Outline of knowledge -> Outline of biology -> Cellular neuroscience -> Outline of neuroscience
Environmental science,Protistology,2,2.25,Success,Environmental science -> Biologist -> Protistology
Film theory,Mobile computing,4,2.27,Success,Film theory -> 3D film -> List of 3D-enabled mobile phones -> Mobile cloud computing -> Mobile computing
Feminist philosophy,Ethology,6,17.98,Success,Feminist philosophy -> Aesthetics -> Archaeology -> Archaeobiology -> Archaeological sub-disciplines -> Archaeozoology -> Ethology
World-systems theory,Music theory,4,3.24,Success,World-systems theory -> Systems theory -> Information theory -> Music -> Music theory
Normative ethics,Feminine psychology,3,1.83,Success,Normative ethics -> Moral psychology -> Feminist psychology -> Feminine psychology
Mathematical chemistry,Environmental engineering,2,0.99,Success,Mathematical chemistry -> Chemical engineering -> Environmental engineering
Outline of ecology,Participatory economics,6,12.55,Success,Outline of ecology -> Ecological economics -> Cultural economics -> Participatory culture -> Participatory democracy -> Participatory budgeting -> Participatory economics
Tax law,Phonetics,9,9.35,Success,Tax law -> Bureaucracy -> Adhocracy -> Constituency office -> Wahlkreisbüro -> Constituency -> American English -> Fronting (phonetics) -> Fusion (phonetics) -> Phonetics
Personal fitness training,Scientific method,9,9.66,Success,Personal fitness training -> Healthcare science -> Biomedical sciences -> Modernising Scientific Careers -> Chief Scientific Officer (England) -> Government Chief Scientific Adviser -> Scientific Advisory Group for Emergencies -> List of unproven methods against COVID-19 -> Scientific skepticism -> Scientific method
Clinical immunology,Western Esotericism (academia),0,60.15,Timed Out,
Economic geography,Law and economics,1,0.68,Success,Economic geography -> Law and economics
Mississippian culture,Ecological psychology,5,3.44,Success,Mississippian culture -> Adena culture -> Bird stone -> Behavioral modernity -> Evolutionary psychology -> Ecological psychology
Linnaean taxonomy,Physical therapy,7,10.76,Success,Linnaean taxonomy -> Class (biology) -> Systematics -> Biomechanics -> Cardiovascular -> Oxygen therapy -> Medical therapy -> Physical therapy
Vedas,Outline of management,4,3.73,Success,Vedas -> Outline of Hinduism -> Outline (list) -> Project management -> Outline of management
Outline of cartography,Type theory,5,4.04,Success,Outline of cartography -> Cartography -> Dynamo theory -> Supersymmetric theory of stochastic dynamics -> Information theory -> Type theory
Myriapodology,Space corrosion,0,60.13,Timed Out,
Social philosophy,Data visualization,5,4.42,Success,Social philosophy -> Aesthetics -> Aesthetic interpretation -> Depiction -> Descriptive geometry -> Data visualization
Television,Economic anthropology,3,2.13,Success,Television -> Media economics -> Cultural economics -> Economic anthropology
Sportscasting,Quantum optics,4,3.04,Success,Sportscasting -> Analog television -> Amplitude -> Photon -> Quantum optics
Personal trainer,Outline of ancient Greece,4,2.87,Success,Personal trainer -> Memorandum of understanding -> Indonesia -> Ancient Greek -> Outline of ancient Greece
Marine biology,Systems engineering,2,2.13,Success,Marine biology -> Systems biology -> Systems engineering
Behavioural genetics,Libertarianism,6,3.77,Success,Behavioural genetics -> Adaptationism -> Behavioral economics -> Altruism -> Libertarianism (metaphysics) -> Libertarianism (disambiguation) -> Libertarianism
Surgical strike,Obstetrics,5,5.77,Success,Surgical strike -> Benghazi -> Africa -> Abortion in Africa -> Gestational age (obstetrics) -> Obstetrics
Phytochemistry,Bioethics,7,31.53,Success,Phytochemistry -> Bacteriology -> Biotechnology -> Biomedicine -> Biotechnology law -> Biotechnology risk -> Animal Ethics (organization) -> Bioethics
Cloud computing,History of computer science,3,2.61,Success,Cloud computing -> Abstraction (computer science) -> Computer science -> History of computer science
Tenrikyo,Finite element analysis,13,43.26,Success,Tenrikyo -> Aum Shinrikyo -> AK-74 -> 5.8×21mm -> CS/LS7 -> CS/LS5 -> Iron sights -> Annulus (mathematics) -> Complex analysis -> Mathematical analysis -> Numerical analysis -> List of numerical analysis topics -> Finite element updating -> Finite element analysis
History of Iran,Outline of statistics,6,17.41,Success,History of Iran -> Outline of Iran -> Outline of geography -> Outline of Canada -> Outline of political science -> Official statistics -> Outline of statistics
Geoarchaeology,Library science,5,4.7,Success,Geoarchaeology -> Earth science -> Branches of science -> Computer science -> Digital library -> Library science
Outline of metaphysics,Developmental psychology,3,2.06,Success,Outline of metaphysics -> Academic discipline -> Psychology -> Developmental psychology
Psephology,Object conservation,0,60.16,Timed Out,
Ventriloquism,Biopolitics,12,11.46,Success,Ventriloquism -> Action comedy -> Action fiction -> Biography -> Biographical research -> International Sociological Association -> Academy of Social Sciences -> Academy of Social Sciences (disambiguation) -> Academy of the Social Sciences in Australia -> Political Science -> Biology and political orientation -> Biology and political science -> Biopolitics
Sports,Outline of ecology,5,4.04,Success,Sports -> Outline of sports -> Outline of exercise -> Outline of nutrition -> Ecology -> Outline of ecology
Engineering physics,Computational statistics,2,1.32,Success,Engineering physics -> Statistics -> Computational statistics
Physical activity,Scottish literature,4,2.93,Success,Physical activity -> Ball -> Ancient Greek -> Greek literature -> Scottish literature
Geriatrics,Waste management,14,11.22,Success,Geriatrics -> Pain management -> Pain management during childbirth -> Medical case management -> Disease management (health) -> Demand management -> Energy demand management -> Load management -> Energy management system (electrical grid) -> Energy management system (building management) -> Energy management -> Environmental management -> Environmental management system -> Waste reduction -> Waste management
Food choice,Admiralty law,10,14.08,Success,Food choice -> Disinhibition -> Boldness -> Scout Law -> Lawrie Dring -> British Army -> NLAW -> British Armed Forces -> British Admiralty -> Admiralty court -> Admiralty law
Mississippian culture,Sociology of the body,5,13.01,Success,Mississippian culture -> Genetic history of indigenous peoples of the Americas -> Archaeology of the Americas -> Archaeological theory -> Functionalism (sociology) -> Sociology of the body
Development economics,Settlement archaeology,8,16.9,Success,Development economics -> Settlement movement -> Settlement movement (Israel) -> Community settlement -> Israeli settlements -> Israelite highland settlement -> Archaeology -> Cultural-history archaeology -> Settlement archaeology
Astrometry,Programming languages,0,60.19,Timed Out,
Australian and New Zealand Standard Research Classification,Entomology,3,2.24,Success,Australian and New Zealand Standard Research Classification -> Fields of Science and Technology -> Biological sciences -> Entomology
Linear programming,Econometrics,3,1.79,Success,Linear programming -> Analytica (software) -> Business Analysis -> Econometrics
Sports,Outline of literature,10,7.34,Success,Sports -> Outline of sports -> Outline of baseball -> Outline (list) -> The Outline of History -> Outline of history -> History of literature -> List of basic literature topics -> Outline of poetry -> Literature -> Outline of literature
Tectonics,Religious war,8,10.96,Success,Tectonics -> Augustus Edward Hough Love -> Edward Arthur Milne -> Thomas Coward -> World War I -> Anglo-Egyptian War -> Black War -> War and genocide -> Religious war
Renewable energy policy,Human behavioral ecology,4,2.66,Success,Renewable energy policy -> Industrial ecology -> Urban ecology -> Behavioral ecology -> Human behavioral ecology
Aeronautics,Mathematical physics,3,1.59,Success,Aeronautics -> Reaction (physics) -> Applied physics -> Mathematical physics
Support vector machine,Military technology,5,3.48,Success,Support vector machine -> AT&T Bell Laboratories -> National Medal of Technology -> Technology -> Military robots -> Military technology
